species_left_out,core_catchments,core_km2,kept_from_full_core
Amegilla acraensis,99,9087.426333627152,87
Amegilla atrocincta,205,23591.11137736998,139
Xylocopa caffra,110,14252.645619684152,90
Xylocopa capitata,41,3048.442604278563,41
Xylocopa flavicollis,161,16419.024055789345,139
Xylocopa flavorufa,139,13336.806251849779,131
Xylocopa inconstans,141,13536.08410443672,139
Xylocopa nigrita,195,19646.895925805027,139
Xylocopa watmoughi,44,3027.3855874850724,44
Megachile chrysorrhoea,212,22657.249113261765,139
Megachile maxillosa,140,13253.79805105274,138
