species_left_out,area_declining_km2,pct_area_declining,overlap_share_pct
Amegilla acraensis,132900.10607277678,10.49379744156419,10.028552496732091
Amegilla atrocincta,285118.7544192416,22.51298771746791,23.88411333161355
Xylocopa caffra,140146.0160734063,11.065934771422844,11.2035874810707
Xylocopa capitata,111382.20098394367,8.794742835502655,11.079573228517457
Xylocopa flavicollis,201559.5880623082,15.915152756708324,18.496016893652786
Xylocopa flavorufa,173595.2193491238,13.707085137133392,15.057280563257951
Xylocopa inconstans,230505.8118957076,18.200747694003052,17.171482422679077
Xylocopa nigrita,203882.61289941616,16.098578886398425,18.28172209322199
Xylocopa watmoughi,129637.99237915227,10.23622081996614,9.656069666892725
Megachile chrysorrhoea,176299.55757581082,13.920619786600053,16.21792235815137
Megachile maxillosa,166166.45087491255,13.120509295230288,14.448427156803202
