species,pct_extent_novel,pct_study_area_novel,pct_future_suitable_novel,pct_study_area_nt2,pct_future_suitable_novel_nt1_or_nt2,pct_current_suitable_exposed,pct_loss_area_novel,pct_gain_area_novel
Amegilla acraensis,84.65921297776741,35.7662736060781,47.700489181172756,5.109406133036615,47.700489181172756,69.15749901817586,72.9989880024124,22.813692892494565
Amegilla atrocincta,76.29255027855613,30.54964758820144,81.18839921441763,0.08990613972134916,81.27136782277718,73.72720751649967,5.665737676828024,62.03067078465376
Xylocopa caffra,52.33213753000888,30.13884053601044,63.07988892912541,2.0020180776143786,64.123879741892,35.459538069052535,14.567937839371966,51.61147497388676
Xylocopa capitata,92.45076233263492,45.54788885430768,42.70675197849468,44.87235315992555,49.294305732796296,79.93561936982218,91.14822114690628,8.718708078668397
Xylocopa flavicollis,53.31975714930983,30.20593888105518,42.89072790637209,0.24709069704823214,43.96998705360345,31.465035499288195,16.58931096554548,26.026900429241007
Xylocopa flavorufa,57.98929401153662,38.23919415273733,33.665340324852146,0.4255912450601363,36.81000336537659,19.23075579246667,15.281474000119678,12.875587163295656
Xylocopa inconstans,54.723953306252504,37.59807965443332,44.97054688507883,1.9128222333419767,46.188402071734224,34.618130805121204,32.16973178927399,17.44306605631748
Xylocopa nigrita,59.22439111355052,44.05970679440439,47.83315496014353,6.472342495180297,49.70602734196457,28.57313132873593,62.58811465949668,31.88101958294434
Xylocopa watmoughi,90.8991414482682,45.687749126735724,25.061997892733817,31.812588328897316,25.061997892733817,56.888613946462534,65.3555074190581,22.158653062401193
Megachile chrysorrhoea,76.29255027855613,30.54964758820144,71.33795869497976,0.06745621794890708,71.33795869497976,61.28803621401681,62.16891878534459,25.41573732583158
Megachile maxillosa,84.18919472983339,32.3955765395812,70.45644541879,0.784771544465593,70.54921268801216,48.46111780423888,49.76884982304863,50.2095559062577
