species,predictor,pct_study_area_novel
Amegilla acraensis,bio5,34.53926517739683
Amegilla acraensis,bio6,1.3942882740039728
Amegilla acraensis,bio12,0.41533253525722574
Amegilla acraensis,bio15,0.14957978563329824
Amegilla atrocincta,bio5,30.05635909542188
Amegilla atrocincta,bio6,0.722818013981504
Amegilla atrocincta,bio12,0
Amegilla atrocincta,bio15,0.14957978563329824
Xylocopa caffra,bio5,29.98926075037714
Xylocopa caffra,bio6,0
Xylocopa caffra,bio12,0
Xylocopa caffra,bio15,0.14957978563329824
Xylocopa capitata,bio5,34.71875639238926
Xylocopa capitata,bio6,8.810328238621446
Xylocopa capitata,bio12,2.4463351484789024
Xylocopa capitata,bio15,10.51865636391345
Xylocopa flavicollis,bio5,30.05635909542188
Xylocopa flavicollis,bio6,0
Xylocopa flavicollis,bio12,0
Xylocopa flavicollis,bio15,0.14957978563329824
Xylocopa flavorufa,bio5,29.98926075037714
Xylocopa flavorufa,bio6,0
Xylocopa flavorufa,bio12,20.16584322194064
Xylocopa flavorufa,bio15,0.14957978563329824
Xylocopa inconstans,bio5,29.98926075037714
Xylocopa inconstans,bio6,0
Xylocopa inconstans,bio12,0
Xylocopa inconstans,bio15,7.76411744356508
Xylocopa nigrita,bio5,29.98926075037714
Xylocopa nigrita,bio6,0
Xylocopa nigrita,bio12,34.16149687079606
Xylocopa nigrita,bio15,0.14957978563329824
Xylocopa watmoughi,bio5,34.71875639238926
Xylocopa watmoughi,bio6,12.114845306148055
Xylocopa watmoughi,bio12,3.4157266784324736
Xylocopa watmoughi,bio15,0.14957978563329824
Megachile chrysorrhoea,bio5,30.05635909542188
Megachile chrysorrhoea,bio6,0.722818013981504
Megachile chrysorrhoea,bio12,0
Megachile chrysorrhoea,bio15,0.14957978563329824
Megachile maxillosa,bio5,30.05635909542188
Megachile maxillosa,bio6,2.6719325599703634
Megachile maxillosa,bio12,0.41533253525722574
Megachile maxillosa,bio15,0.14957978563329824
