species,area_hist_km2,area_fut_km2,change_km2,pct_change
Amegilla acraensis,2728313.5306863547,456609.6797174394,-2271703.8509689155,-83.26403198966025
Amegilla atrocincta,3512168.3459328082,8300083.523941534,4787915.178008726,136.32362422357315
Xylocopa caffra,2080646.2505773432,4776766.279019228,2696120.028441885,129.58089476737138
Xylocopa capitata,3697331.5781179527,697745.4737947558,-2999586.104323197,-81.12840411922352
Xylocopa flavicollis,3823880.6250806632,3247623.15666614,-576257.4684145232,-15.06996491038125
Xylocopa flavorufa,3199550.3270275877,696672.8261417422,-2502877.5008858456,-78.22591442751401
Xylocopa inconstans,4691827.012266324,4391249.399319503,-300577.61294682045,-6.406408679625008
Xylocopa nigrita,5820972.711821929,6483254.857600611,662282.1457786821,11.377516758215345
Xylocopa watmoughi,1166375.0773378892,219413.54952868226,-946961.527809207,-81.18842267879495
Megachile chrysorrhoea,5863100.667575406,5390276.680039209,-472823.9875361966,-8.064401659535646
Megachile maxillosa,3263778.2607312645,2483779.935149112,-779998.3255821527,-23.898631073282242
