species,area_hist_km2,area_fut_km2,area_fut_clamped_km2,pct_change,pct_change_clamped
Amegilla acraensis,2728313.5306863547,456609.6797174404,424739.7281871347,-83.2640319896602,-84.43215109224326
Amegilla atrocincta,3512168.3459328082,8300083.523941601,8442722.94720944,136.32362422357505,140.3849165426924
Xylocopa caffra,2080646.2505773432,4776766.279019325,4829607.242225012,129.580894767376,132.1205366306204
Xylocopa capitata,3697331.5781179527,697745.4737947569,719487.7254443687,-81.12840411922349,-80.54035159566055
Xylocopa flavicollis,3823880.6250806632,3247623.156666183,3230748.391914171,-15.06996491038013,-15.511264375675434
Xylocopa flavorufa,3199550.3270275877,696672.8261417389,685339.9962396988,-78.22591442751413,-78.58011513522945
Xylocopa inconstans,4691827.012266324,4391249.399319583,4386692.5789259635,-6.40640867962332,-6.503531194620266
Xylocopa nigrita,5820972.711821929,6483254.85760065,6495845.403374333,11.377516758216016,11.593813009667475
Xylocopa watmoughi,1166375.0773378892,219413.54952868243,217801.71199707646,-81.18842267879494,-81.32661472035372
Megachile chrysorrhoea,5863100.667575406,5390276.680039244,5399323.498607578,-8.064401659535058,-7.910100734456876
Megachile maxillosa,3263778.2607312645,2483779.9351491416,2373425.716675193,-23.89863107328133,-27.2798110940473
