species,gcm,area_hist_km2,area_fut_km2,change_km2,pct_change
Amegilla acraensis,ACCESS1_0,339846.4947565964,237982.7000398057,-101863.7947167907,-29.97347222596696
Amegilla acraensis,CCSM4,339846.4947565964,244481.86562712252,-95364.62912947388,-28.061089521542833
Amegilla acraensis,CNRM_CM5,339846.4947565964,270939.75407727173,-68906.74067932466,-20.275842694413193
Amegilla acraensis,GFDL_CM3,339846.4947565964,162982.3768075002,-176864.1179490962,-52.04235461535925
Amegilla acraensis,MPI_ESM_LR,339846.4947565964,192383.66368666102,-147462.83106993538,-43.39101133750126
Amegilla acraensis,NorESM1_M,339846.4947565964,267789.4368806246,-72057.05787597178,-21.202825095365547
Amegilla atrocincta,ACCESS1_0,675026.7839354182,948390.2439732349,273363.46003781667,40.49668347144728
Amegilla atrocincta,CCSM4,675026.7839354182,934677.320193996,259650.53625857772,38.4652198161398
Amegilla atrocincta,CNRM_CM5,675026.7839354182,882550.8213643986,207524.03742898034,30.743081958779694
Amegilla atrocincta,GFDL_CM3,675026.7839354182,1033425.893066655,358399.1091312368,53.094057548615126
Amegilla atrocincta,MPI_ESM_LR,675026.7839354182,1015399.9000715897,340373.1161361715,50.42364602953829
Amegilla atrocincta,NorESM1_M,675026.7839354182,909628.1076569353,234601.3237215171,34.754372612266906
Xylocopa caffra,ACCESS1_0,1055965.3869940531,829318.9613151938,-226646.42567885935,-21.463433221427717
Xylocopa caffra,CCSM4,1055965.3869940531,970800.1206618911,-85165.26633216208,-8.065157000514612
Xylocopa caffra,CNRM_CM5,1055965.3869940531,914427.2988902658,-141538.0881037874,-13.403667378406645
Xylocopa caffra,GFDL_CM3,1055965.3869940531,942173.7378785426,-113791.64911551052,-10.77607756059445
Xylocopa caffra,MPI_ESM_LR,1055965.3869940531,963603.443027418,-92361.94396663515,-8.74668290307846
Xylocopa caffra,NorESM1_M,1055965.3869940531,939953.7017829681,-116011.68521108502,-10.986315142518809
Xylocopa capitata,ACCESS1_0,707265.3045446962,565457.8225017163,-141807.48204297991,-20.05011148316809
Xylocopa capitata,CCSM4,707265.3045446962,595433.781251454,-111831.52329324221,-15.811820907181927
Xylocopa capitata,CNRM_CM5,707265.3045446962,669735.4188763553,-37529.885668340954,-5.306337724639399
Xylocopa capitata,GFDL_CM3,707265.3045446962,412415.5027943928,-294849.8017503034,-41.6887128289311
Xylocopa capitata,MPI_ESM_LR,707265.3045446962,470765.3333783774,-236499.9711663188,-33.43865019910262
Xylocopa capitata,NorESM1_M,707265.3045446962,611750.2867892294,-95515.01775546686,-13.504835758478904
Xylocopa flavicollis,ACCESS1_0,205177.1851965338,364181.21017923084,159004.02498269704,77.49595786217229
Xylocopa flavicollis,CCSM4,205177.1851965338,365062.90844508365,159885.72324854985,77.9256831579006
Xylocopa flavicollis,CNRM_CM5,205177.1851965338,298293.57846133166,93116.39326479787,45.383405165444756
Xylocopa flavicollis,GFDL_CM3,205177.1851965338,318519.8380632928,113342.65286675899,55.24135286201098
Xylocopa flavicollis,MPI_ESM_LR,205177.1851965338,339117.6685415928,133940.48334505898,65.28039811870941
Xylocopa flavicollis,NorESM1_M,205177.1851965338,361807.68355238525,156630.49835585145,76.33913985408233
Xylocopa flavorufa,ACCESS1_0,219926.09999283252,229081.68932325498,9155.58933042246,4.16302991355771
Xylocopa flavorufa,CCSM4,219926.09999283252,232069.87101133875,12143.771018506231,5.521750723948637
Xylocopa flavorufa,CNRM_CM5,219926.09999283252,195168.42694947709,-24757.673043355433,-11.257269166398302
Xylocopa flavorufa,GFDL_CM3,219926.09999283252,140989.08593337898,-78937.01405945353,-35.8925175602287
Xylocopa flavorufa,MPI_ESM_LR,219926.09999283252,184994.02391396373,-34932.07607886879,-15.883551829458733
Xylocopa flavorufa,NorESM1_M,219926.09999283252,236348.80637162807,16422.706378795556,7.467374895171959
Xylocopa inconstans,ACCESS1_0,12290.293733953535,149973.82111006367,137683.52737611014,1120.262300938679
Xylocopa inconstans,CCSM4,12290.293733953535,88262.38932646044,75972.0955925069,618.1471105334457
Xylocopa inconstans,CNRM_CM5,12290.293733953535,99832.76028379389,87542.46654984035,712.2894573950897
Xylocopa inconstans,GFDL_CM3,12290.293733953535,186365.52385051118,174075.23011655765,1416.3634644113688
Xylocopa inconstans,MPI_ESM_LR,12290.293733953535,118181.0258751921,105890.73214123858,861.5801577524683
Xylocopa inconstans,NorESM1_M,12290.293733953535,69685.96245726384,57395.66872331031,466.99997547452676
Xylocopa nigrita,ACCESS1_0,72818.34061853241,203800.0662783134,130981.72565978099,179.874636729151
Xylocopa nigrita,CCSM4,72818.34061853241,179042.10518925905,106223.76457072663,145.8750139984548
Xylocopa nigrita,CNRM_CM5,72818.34061853241,144985.36353815984,72167.02291962743,99.10555816931206
Xylocopa nigrita,GFDL_CM3,72818.34061853241,126529.07853735387,53710.737918821455,73.75990370364462
Xylocopa nigrita,MPI_ESM_LR,72818.34061853241,156356.0953910029,83537.75477247048,114.72076136710255
Xylocopa nigrita,NorESM1_M,72818.34061853241,163521.901776682,90703.56115814959,124.56142283344666
Xylocopa watmoughi,ACCESS1_0,303922.65005444014,164696.72023322948,-139225.92982121065,-45.80965906827669
Xylocopa watmoughi,CCSM4,303922.65005444014,186034.66026692893,-117887.98978751121,-38.788813458422574
Xylocopa watmoughi,CNRM_CM5,303922.65005444014,177869.46056412352,-126053.18949031661,-41.475417994590835
Xylocopa watmoughi,GFDL_CM3,303922.65005444014,100417.01203326527,-203505.63802117488,-66.95968134810681
Xylocopa watmoughi,MPI_ESM_LR,303922.65005444014,132088.54256241544,-171834.1074920247,-56.53876322190692
Xylocopa watmoughi,NorESM1_M,303922.65005444014,191150.8282292516,-112771.82182518853,-37.105435151012365
Megachile chrysorrhoea,ACCESS1_0,512934.9737806567,576563.0034097048,63628.02962904808,12.40469706326887
Megachile chrysorrhoea,CCSM4,512934.9737806567,604034.5799292873,91099.60614863061,17.760459084544113
Megachile chrysorrhoea,CNRM_CM5,512934.9737806567,638780.7630427986,125845.78926214192,24.53445284391089
Megachile chrysorrhoea,GFDL_CM3,512934.9737806567,576189.2898780175,63254.3160973608,12.33183918638581
Megachile chrysorrhoea,MPI_ESM_LR,512934.9737806567,539246.7372600506,26311.763479393907,5.129648946621731
Megachile chrysorrhoea,NorESM1_M,512934.9737806567,600723.8469359728,87788.8731553161,17.115010214307738
Megachile maxillosa,ACCESS1_0,974508.1392973255,853844.7423978144,-120663.3968995111,-12.381979383621784
Megachile maxillosa,CCSM4,974508.1392973255,911303.6048199517,-63204.53447737382,-6.485788258571939
Megachile maxillosa,CNRM_CM5,974508.1392973255,955943.0749769676,-18565.064320357866,-1.9050702166268523
Megachile maxillosa,GFDL_CM3,974508.1392973255,935208.4350055883,-39299.70429173717,-4.032773325020604
Megachile maxillosa,MPI_ESM_LR,974508.1392973255,923434.1272876293,-51074.01200969622,-5.2410041486696475
Megachile maxillosa,NorESM1_M,974508.1392973255,918255.7797737154,-56252.359523610095,-5.772384781123653
